0,1,2,3,4,5,6,7,8
0.882800243,0.460935634,0.999234442,1.682939585,2.900992162,1.897975546,-0.136654779,0.959534389,0.516566245
-0.063448901,1.12117396,-0.754952236,0.359956341,1.263706773,0.011458422,-0.029062197,0.168252604,0.583445175
-0.321883177,-0.461577727,-0.551849984,0.401031674,1.349539003,0.543475851,0.163443631,-0.171178334,-0.52806474
0.400208459,0.450881703,0.38101672,0.176116919,1.018658953,0.278584966,-0.491957928,-0.200962146,-0.407384901
-0.606894064,0.202562502,-0.486589952,-0.285396347,0.94081777,0.281927032,0.166717227,0.328097181,-0.67540529
-0.000522616,0.957671965,0.636202448,0.952965991,4.648043772,1.396375689,-0.130120616,1.352849702,0.222245281
-0.452724951,-0.235911781,-0.512868421,-0.406288643,0.247076373,-0.124222764,-0.705881751,-0.284038776,-0.217851707
-0.857749464,-0.762852845,-0.787126361,-0.086204988,0.122995022,-0.161459879,-0.389250324,-0.431446925,-0.518751846
-0.594597941,-0.577335125,-0.195391349,-0.05524137,1.274923608,0.795760923,-0.743735247,-0.233440606,0.240832048
0.038112307,0.070767519,-0.564872426,0.266293715,0.516798236,-0.044894348,0.466457081,0.384306546,-0.247786054
0.249105738,0.316865947,1.154516893,3.255614844,8.223682279,2.92907388,1.975756407,1.494554722,0.388241147
2.17306724,2.749639859,1.733909858,-0.065761697,5.321265842,3.352760393,-0.731286793,2.644031745,2.10285001
0.288651814,1.174834743,0.1397266,-0.095383594,1.484961423,-0.012128627,-0.351955676,0.915569083,0.1670867
-0.453060668,-0.048555158,-0.453263814,0.253358425,0.501759164,-0.43451341,-0.438669658,-0.608357608,-0.686747113
0.24707418,0.621642609,0.983052284,0.359192207,2.692799445,0.483356153,2.402160886,1.954144239,0.030644548
-0.260159592,0.286923092,0.527141916,0.532756054,2.690159237,2.515090749,0.444150607,0.698566403,-0.006591333
0.212278747,-0.595417314,-0.364263491,-0.186789469,0.558320578,0.5090896,-0.611314577,-0.015551466,-0.462599399
1.813520508,0.767140284,2.711150454,3.694653994,5.099081863,2.197737029,0.688031815,1.760728411,2.111701906
0.39607793,-0.059123782,0.347420375,0.351939561,1.078889675,0.322189045,-0.536840132,-0.1718288,-0.253558524
0.731552307,1.254778717,-0.357971521,0.796892398,2.674844658,0.909607685,0.344306312,1.283388799,0.457151401
-0.329330386,1.597822118,-0.005547653,-0.183693867,1.691778705,1.510283945,0.30276994,0.890335041,0.954995671
0.031974955,0.626278801,-0.21002493,-0.523977265,0.563581219,0.30174507,-0.470497884,-0.151608791,-0.073389767
1.895207103,0.612009687,-0.769186477,0.70246363,5.965748108,3.45521993,-0.038897114,4.418910641,1.766910779
-0.781375034,0.813199794,0.205659779,-0.464356912,0.773367668,-0.679662526,0.481341798,0.644508942,-0.679608499
0.149654014,0.68581859,1.419760727,0.808756563,2.265214741,1.218350258,1.683026249,1.455916113,0.38218316
0.755960142,0.317057579,-0.383998743,1.203568687,2.877242797,1.062005687,-0.280859987,0.670197533,0.989147503
0.179005396,-0.36545512,-0.237421262,0.632517461,0.807636802,0.746748497,-0.679811458,-0.236744493,0.190008607
0.618445306,1.325168379,-0.275368852,1.962284041,3.120947311,0.992066031,0.402200059,1.369025087,0.373481982
0.177640902,0.340205138,0.368155695,0.611315073,1.357668382,0.211227299,-0.045176977,0.161641329,-0.093766561
0.008163146,0.902879317,0.578517027,1.693775838,1.990370541,1.210036671,1.380069142,0.259322245,-0.102836581
-0.366844987,0.990946347,-0.568405055,0.950294915,0.983732273,0.267314572,-0.041220694,0.141215032,-0.291357469
0.405533477,0.211407289,-0.773941469,-0.223829222,0.854022654,0.415308851,-0.827663331,-0.267922154,0.57579031
0.33158263,1.11123898,2.276321941,0.024415983,2.950079057,1.875581842,1.041541016,1.1300273,0.018195237
-0.396029236,-0.272904904,-0.167009799,0.087278485,2.209371356,1.375852357,0.18907238,0.537734079,-0.268359228
0.389491414,0.489542605,1.320222129,0.722022937,4.244577849,2.719377619,0.130953635,2.693784795,1.37428389
-0.245396867,0.970679166,1.173683493,-0.162689153,3.761440084,1.7871386,0.179754598,0.646357457,-0.582838475
0.818310421,1.800175133,-0.156794637,1.655118784,1.723234838,0.715789512,0.957535112,0.26696224,-0.381272222
-0.534308969,0.833567705,-0.310876691,0.96249113,1.654782683,-0.48563187,0.010335773,-0.219456863,-0.829915874
0.55969838,0.704438894,-0.430239728,0.442390233,2.093628987,1.828972585,-0.701746142,-0.219061584,0.775841561
-0.01891256,0.240337941,0.624173792,0.438244137,1.550424286,0.679724832,0.060318604,0.919243787,0.60362963
0.141383948,0.291010737,0.078307434,0.659788431,1.332795637,0.618597748,-0.423894299,0.570823041,0.534313375
-0.675413858,0.793892716,0.893777903,-0.502738012,3.370862583,1.722895011,-0.640507719,0.327265451,0.905234945
-0.383698208,0.017182035,-0.053771454,0.141647726,2.116973495,1.082024529,0.766749467,1.387773001,0.43634617
1.074201687,1.354433596,0.330150496,1.142000478,1.56421098,0.419343081,0.711758356,0.497215644,0.05349397
0.500534413,1.955247605,2.10170028,0.637293314,3.13437769,2.392254853,0.773082273,0.822609317,1.080408194
-0.37370403,-0.164501282,-0.04417001,-0.010575857,0.347694424,-0.177682025,-0.506859434,-0.06517877,-0.746683014
-0.459829817,1.995603413,0.935161103,0.69328196,2.973386726,0.70243934,1.833969457,-0.094986896,-0.595561791
-0.392549257,1.077731059,1.034095638,0.684909649,2.779739809,1.32353379,0.081209299,-0.172165327,-0.302953587
0.419650132,0.10389498,-0.430769157,3.108487886,3.799436685,0.965967998,-0.033187773,0.786260678,1.619363671
0.552260657,0.019657857,-0.066205519,1.026574609,1.701662969,1.939584307,-0.198118007,-0.33446315,-0.07149915
-0.295171546,0.28931841,0.146415411,0.365372467,2.384701477,1.279333538,0.779891851,1.054676156,-0.061663606
0.284561718,0.609336896,-0.212142881,0.253683583,1.823834945,0.049080702,-0.341218363,-0.509921382,-0.775303801
-0.054772253,0.035806999,-0.405420774,-0.060099881,1.557781356,-0.709853488,-0.891908897,-0.231058314,-0.50722787
-0.16677249,0.494742457,0.792072607,-0.595852112,1.145633333,-0.29006883,-0.787433131,0.768820264,-0.506802138
-0.049735433,0.448269147,-0.188820382,-0.137884078,2.744604425,-0.042211084,0.244720293,1.843896063,-0.365216618
0.793038885,0.363234042,-0.400463724,0.612182856,1.480001607,-0.331640926,0.191367711,0.473023902,0.699246667
-0.647210729,1.641097893,1.593006691,0.36500814,1.921508266,2.01292636,-0.061540787,2.189663039,2.170049596
1.828736263,1.743702827,1.875563081,2.766957909,1.546060344,0.383080286,0.320256165,-0.02901551,0.159833569
1.635939781,2.320281844,0.338476018,1.504533555,1.51659224,2.611902545,-0.263269723,0.270846099,1.301148296
-0.148002468,1.194064561,0.045231904,0.991120456,0.938574323,-0.687499744,0.268308155,-0.275091983,-0.494513668
-0.109249952,0.348849499,0.447959319,0.51747781,0.845720053,0.647679321,1.24357897,0.115627156,-0.16099153
0.342212587,-0.550395602,-0.743161054,0.111330612,0.54615488,-0.028669568,-0.0523241,0.288479338,0.331500841
0.418449992,0.792657151,0.195385232,0.256799668,1.051920996,-0.08420769,-0.59107924,0.446432962,0.213151575
1.136801176,1.100690979,-0.573119477,-0.180295313,1.490418904,1.077719138,-0.665494153,-0.276207913,1.283689656
1.159201535,2.045738387,-0.082766938,1.636669335,2.24389619,1.756754796,1.156702922,0.299792653,0.686317203
0.901749515,0.545940355,0.520275663,1.291537004,7.481817862,3.206543474,1.257775022,3.781542254,3.50165672
1.37878288,0.042447112,0.416897019,1.319008549,2.113735816,1.820781074,0.608814996,3.022465042,0.11679108
-0.020249491,-0.086306073,-0.043905691,1.146203618,1.324062421,0.577398384,-0.168298077,0.298448034,-0.292097095
0.670085727,0.211512955,0.082518258,1.041841655,1.154510624,0.952185555,-0.580915162,0.406562371,0.80340101
1.439326004,0.311400281,-0.419002505,0.645410907,1.471297596,-0.224773519,-0.619825898,0.722102255,-0.001495626
-0.367843124,1.981047585,0.137297915,0.791338162,1.610407371,-0.036636614,0.651006742,-0.184994563,-0.444428847
1.047300357,2.576688391,3.382915229,0.400437261,9.652958764,6.834232012,-0.629264081,1.767197977,4.28978715
0.649090928,0.312535934,-0.068263942,0.649035435,0.645668709,-0.134653827,-0.16904079,-0.219660435,-0.410272273
0.797874036,1.430468436,-0.287951191,0.184637246,0.790507483,-0.337101161,0.666119366,1.042695827,0.419005733
0.505162018,0.258080656,0.102432731,-0.124144214,1.288063601,-0.462804491,-0.533492536,0.950748968,0.13752836
-0.284453633,0.999422094,0.75697155,0.128618321,1.965547823,0.48845283,0.952507592,1.052948018,-0.188008956
0.402802737,1.344670572,1.67883676,1.524337278,3.480783766,2.650099225,0.026880912,-0.126980829,-0.340052728
-0.368087991,0.382089084,-0.391208199,0.223480992,1.627306227,-0.130555126,0.486253986,0.745121311,-0.502977266
1.203034703,0.423040174,0.257328427,0.708872797,3.912961602,1.823982173,-0.235045745,0.667470969,0.647684949
-0.436764088,0.416858023,0.024748369,-0.515710348,0.84875666,-0.180145847,-0.362749395,-0.130390758,-0.402491493
1.596324186,-0.32770114,0.483110995,2.013472104,2.147439374,1.537480026,0.499126072,-0.115043503,0.911964656
-0.168842704,0.434739746,0.344036953,0.287223776,0.895799276,-0.140708451,-0.06694296,0.311165468,-0.461698016
-0.239716255,-0.2667519,-0.420947707,0.642291355,1.240591183,-0.004457395,-0.26091091,-0.09412536,0.093235349
-0.580472469,0.095254011,1.545382163,-0.069288518,0.98238073,1.105300906,1.265191337,0.726741052,0.262146549
-0.71409502,0.98500629,-0.14712943,-0.464186727,0.838645159,-0.692375466,0.173069733,0.802891042,-0.599150212
-0.323143916,-0.193659728,-0.267997599,1.281758798,2.212822605,1.607170367,0.79113123,1.770019102,0.160467373
0.171141294,1.351731627,0.187229478,1.570971529,3.118754705,-0.014660516,-0.211100548,0.899683819,0.791883832
-0.703886033,-0.214628741,-0.124347937,-0.43351721,0.69374136,-0.245679394,-0.863888365,-0.187893806,-0.406208041
-0.39067713,-0.701135857,-0.781495034,0.206083167,0.277361797,-0.442271467,0.285569913,0.421169762,-0.623090002
-0.193350814,0.744262352,0.535781737,0.72882783,0.609319286,1.640682393,0.150389805,0.346903969,0.515211642
1.370893484,0.217954325,-0.567247891,-0.378837999,0.264316151,-0.002798253,-0.832891711,-0.005478624,-0.144013567
-0.210815538,-0.197904969,0.622671981,0.635063525,1.320404953,1.110360689,-0.269999757,-0.087452557,-0.323317174
-0.32093715,0.551543062,-0.617542724,-0.086733068,1.721792949,2.528127736,1.984029669,0.280357088,0.119282609
0.018002871,0.004385567,-0.521370311,1.752480714,1.810990608,-0.082311791,0.474922457,-0.024844198,-0.284815011
-0.580102261,-0.397774482,-0.447326076,-0.282737581,0.692828804,0.412526791,0.111592801,0.227167078,-0.274626899
-0.066838826,-0.094248494,-0.59975538,-0.058534061,0.808707875,0.181844075,-0.614230236,-0.442855311,-0.658130529
-0.27355734,-0.737451777,-0.827842796,0.558529823,0.254669253,0.015688675,-0.510560556,-0.119480939,-0.295824382
0.983855035,0.977201001,0.785046768,1.484915469,3.356669789,3.512065875,3.262148406,3.207772605,0.24930694
0.987050647,-0.09490143,0.350316555,1.152659122,1.104110653,0.564680227,0.337269419,0.531988723,0.182614285
-0.550545646,0.58665547,-0.743264825,0.247652095,0.679925518,0.049228346,-0.124347937,-0.476608498,-0.396015845
1.579649088,1.343318719,1.035760735,2.267663657,1.731356339,0.737512996,1.105098257,0.773043414,1.434904359
0.406361137,0.982813518,0.064240947,2.616035233,3.452134703,2.224746246,-0.027511933,0.186057039,0.035545794
-0.318786454,1.116558047,-0.008510478,0.502353034,0.665057848,0.650943925,0.574526704,0.101827492,-0.134942848
1.265109699,-0.150514358,1.256147078,0.358962858,0.233390002,1.639264061,1.694933372,0.97872386,0.154862356
-0.16342332,0.481891907,-0.488463723,0.287688778,2.958607977,-0.214115117,-0.434293461,0.134418508,-0.531974239
-0.135947263,-0.327217298,-0.690946285,-0.0961916,0.693317684,0.454509477,-0.004610079,0.049428722,0.208788741
-0.757966069,1.354374148,2.311302074,0.066600869,3.326100688,2.500653932,0.761104022,0.673556987,1.127100305
-0.375177562,0.444175845,0.496157035,-0.380374967,1.103653027,0.823799321,0.621901185,0.203894355,-0.59281808
-0.618214941,0.144836897,-0.484640004,0.111678671,0.711029187,-0.485314638,0.045219458,-0.097743204,-0.589765241
0.140726361,1.124784983,1.08990022,0.319119228,2.847105391,2.393579908,0.155263266,1.119495787,0.659495523
-0.035416176,2.664718797,0.132248336,0.466380583,7.516958374,0.912426474,1.249597337,4.577188207,-0.08736503
-0.588659465,0.07304915,0.812662833,-0.316592206,0.441595976,0.639400808,0.636362013,0.06519855,-0.076331707
-0.161614654,0.574688556,0.110464498,-0.140304545,0.814088365,0.979158834,-0.447420529,-0.52355146,0.440300994
-0.202402461,-0.198446343,-0.46027868,0.296750467,0.331077857,-0.26997211,-0.563822614,-0.385923809,-0.244710943
0.465365094,1.624641675,1.409921719,1.151762096,2.305650279,0.72252144,0.116201542,0.706246106,-0.45045478
0.121753317,1.500708649,0.169091543,0.642192566,1.803902069,-0.011872343,-0.386254324,-0.154944449,-0.23329228
0.648121699,0.145200097,-0.523615392,-0.377605562,0.467792932,0.062938037,-0.525513223,-0.680382786,-0.369034165
-0.56234423,0.447346486,-0.296658566,-0.219891216,0.934910786,-0.105131897,-0.430901751,-0.014192137,-0.235198987
2.395078551,0.696363491,-0.089129646,2.30209361,2.439792461,1.186293427,0.525679731,2.06645008,2.061613263
-0.272302686,-0.345551588,-0.117386095,-0.08005667,0.788866041,-0.069289535,-0.545194781,0.045910448,-0.604637704
-0.079653178,2.52847684,-0.092850852,0.106992144,3.076725361,0.922570872,-0.334200701,0.333238583,0.185779859
-0.267303154,0.38950151,0.702606527,0.317393206,2.77870579,1.565258029,-0.554857345,0.171226962,0.389202935
-0.483388912,0.444895416,-0.496345337,0.713994252,1.415871864,-0.174181646,0.727775795,1.275654821,0.672462901
1.036507278,0.271464132,-0.151698399,0.744152551,1.448114318,1.217976024,0.320202625,0.096869058,0.783954203
0.253237964,0.544552641,-0.494805605,-0.158788931,0.485166436,0.134933694,-0.403867245,0.197016625,-0.160559601
0.204134084,-0.198632542,-0.700280329,0.663849791,0.869676446,-0.643667181,-0.721102931,-0.318503835,-0.272302686
0.980209486,1.69103592,1.878139382,2.026551627,2.809255847,1.824836649,1.527454014,2.302120667,0.445789264
-0.360511867,1.223838179,-0.081569281,0.947444033,1.608073861,1.098058789,-0.012502754,-0.264696823,-0.241166252
1.182086102,2.000866627,1.896316762,0.193589044,1.15913804,1.745237899,1.472714169,2.436447615,2.99600119
-0.158095238,0.844653579,0.83620417,1.69639421,2.131745376,2.284369136,2.005861975,0.420219933,0.028260201
-0.562333519,0.341642354,-0.241366617,-0.28793568,0.483274495,-0.574737834,-0.37169604,-0.302146459,-0.389844035
0.868788551,0.024110047,-0.624299657,2.162888889,3.125151301,1.602034653,-0.39501866,-0.428023407,0.388486228
-0.092106292,0.179802657,-0.519787917,0.153499308,0.476093381,0.536333207,0.734189445,0.182153624,-0.416666359
-0.188574866,0.752666811,-0.105977774,1.108801988,0.885496557,-0.379544949,-0.307813499,-0.261757502,-0.229028074
3.940688925,2.237169177,1.33066522,0.270564678,6.163130843,2.462115718,0.635947,5.345663133,0.117452608
-0.546944198,-0.090908631,-0.35233203,0.899134745,1.000508313,0.039408871,0.512309491,0.205190439,0.423970149
0.576032544,0.151127115,0.467619038,1.604637352,0.735181058,-0.334629142,0.826992963,2.405721091,0.571231184
2.077044417,3.978406949,1.53228664,3.03648454,6.102100071,1.566900521,1.59662991,1.933066126,0.979695705
0.030972516,-0.102406672,-0.474229362,1.127705885,4.068189239,-0.03166143,-0.283165962,0.067670021,-0.281456754
0.318324203,0.972563164,0.99590939,2.099520558,4.433873199,4.316576086,-0.55258385,-0.481427383,0.010473675
0.402099404,0.417281162,0.117824049,0.836600484,3.273773649,1.653929902,0.528225573,0.39306233,-0.083709819
0.729268071,1.963968982,-0.445764794,0.790836321,2.577786937,-0.298803727,1.384762912,1.426689771,0.597016185
0.349749066,0.508689157,-0.501302183,0.055302523,0.361033067,-0.431090077,-0.300191556,-0.110013502,-0.495384773
-0.048807429,0.305783801,-0.028155379,0.704737194,1.903094178,0.592444287,0.809544748,0.676138196,-0.518241918
0.638947507,-0.399634227,-0.89500475,0.863765349,1.605927752,0.081991504,-0.306436173,0.270393776,0.996838426
0.078601354,0.654047613,-0.308193108,0.037275855,0.683996608,-0.071020862,-0.227280465,0.177187926,-0.018990295
0.026314655,0.581821825,-0.178002021,0.392439606,1.016765168,0.02459709,0.11470317,-0.330320787,-0.23523597
1.321788584,0.271687217,0.428103876,1.098221123,4.128770562,0.969375489,-0.578452416,1.666231672,1.374773501
0.118066146,0.193303773,0.30398374,0.957955745,0.520592375,1.540042965,0.459589795,-0.436712112,-0.76759977
1.770109009,1.929053145,0.742547498,1.007254847,4.632897762,1.284420758,1.154753129,1.543702521,0.772826426
-0.028041503,0.614226408,0.270984712,-0.45599454,0.621144613,1.393924257,-0.389015209,-0.011669629,-0.086743361
0.444200365,0.900231953,-0.028041503,0.516665778,0.656768929,-0.45599454,0.114008315,-0.156644111,-0.389015209
2.136322339,0.74692788,-0.201866854,4.781111761,5.781133636,1.480642457,1.394199622,3.671132039,1.527435389
0.912377357,0.060591235,-0.700458809,2.443021928,2.266014151,-0.143056499,0.590715346,1.229350173,1.012577478
-0.263534238,1.684482021,0.57986777,1.217553542,2.376454499,0.991252418,0.811654277,1.54009322,-0.59222385
-0.028351079,0.112355691,-0.394817536,-0.495612035,1.247505116,-0.217039852,-0.80903985,0.661238521,0.228755304
-0.374255109,0.709696958,-0.455130444,-0.329688599,1.63184622,0.703186659,-0.096208552,-0.170558664,-0.536600091
0.823485485,-0.319220279,-0.185467055,1.546944715,2.822126574,2.2802694,0.280604996,0.408991251,0.969512846
-0.714539431,-0.144086349,-0.561778967,-0.724016728,0.49325575,-0.412550053,-0.708622529,-0.093551991,-0.728659621
0.725561879,1.99144004,0.217711847,-0.077311413,2.25528534,0.464530085,-0.610200798,0.747502743,-0.025248556
-0.664833917,-0.533142648,-0.571674308,0.562701028,0.688739991,-0.349746467,-0.608022162,-0.009081901,-0.40714288
1.711862569,0.105934826,0.267127304,1.246256897,0.710361504,1.136155005,1.035284723,1.624099469,0.110599317
1.571359926,0.223813288,-0.336095454,0.087199004,0.948306538,0.257693772,0.474818801,0.604998632,0.964245028
-0.501605466,0.969706229,-0.193155715,0.168033627,1.623094711,-0.122089443,-0.513499978,-0.222767706,0.503808841
-0.475370357,-0.191838039,-0.392154142,0.043144833,2.170308269,1.961481377,0.44957394,1.3711941,0.240110329
0.216455314,0.03116286,0.233477048,0.718256583,0.94758768,1.725968092,0.745282803,0.062557391,-0.003306468
-0.417968432,0.611248883,-0.384977134,-0.175563948,1.944913357,0.622616921,-0.479121027,0.068237015,-0.077873697
-0.227276905,-0.072250575,-0.057823793,1.145484598,0.888054859,0.749614067,0.354876418,1.001833978,-0.074916886
1.719018157,0.132379178,0.290102587,1.587265829,2.228126079,2.670547398,-0.025454015,0.425459339,0.576484913
0.764680645,0.015034418,-0.723547665,2.758359796,1.962557756,-0.56434842,0.328324725,0.796136192,0.85408217
1.547075227,2.804897965,1.260428129,0.856221379,3.514210199,2.952593016,0.326396133,1.017113075,0.225822734
-0.088657823,0.647606036,2.14078775,2.023801387,5.278615657,2.06066995,3.445227781,4.817811768,0.556381466
-0.6726066,-0.523699154,-0.647826293,0.10758861,0.857346116,0.107678082,-0.39648152,0.476841044,0.914599463
1.130162199,3.639253966,0.030702565,2.266477314,2.796753711,-0.102002862,0.540724673,1.534023438,1.120660632
1.490276524,1.454657812,0.938199386,1.521678577,1.027355422,0.510714541,0.456155998,0.664774438,0.472553745
0.663011431,0.240719353,0.437769201,0.929536209,0.941415941,1.182029221,0.051806015,-0.012865208,-0.636797098
0.680242545,0.2500294,-0.510308264,0.922475903,0.868359505,0.103030769,-0.471112092,-0.018921646,-0.404007717
-0.453537086,0.312053249,0.411612976,0.350608765,1.369971153,1.069391792,-0.021922272,0.735243271,0.606511512
0.759094496,0.441176203,-0.547008882,0.407666044,0.879804825,-0.172294449,-0.14484203,0.262069232,-0.448145852
-0.061241462,1.484082988,0.234384941,0.164427548,2.050459893,0.170807911,0.215216532,1.513676968,-0.025440599
0.635246946,1.333424359,0.097686505,0.365377452,1.765208514,0.24132936,-0.083379149,1.323766506,0.177492668
0.473177233,0.46880258,-0.493699027,-0.136560274,1.717313354,2.131106521,1.153672513,0.546487274,1.199643455
-0.494347541,0.199708052,-0.31837129,0.186372716,0.511714936,-0.264874921,0.035957418,0.539110782,-0.048697381
-0.635849214,0.215942511,-0.28386297,-0.513834957,2.533369924,0.076911018,-0.393919216,0.912883137,-0.419178737
0.949130119,1.884815265,1.496029904,0.818063549,2.620182125,0.784380403,0.937587016,2.669265973,1.273129712
0.060462114,0.481556548,0.016206739,0.537523454,0.557870957,-0.28937081,-0.492564611,0.678628084,0.352598136
-0.115600778,0.386111722,0.088047962,0.230497419,0.88049616,0.428476634,0.217607718,0.301129654,0.186763428
-0.569230103,0.117332522,0.420900809,0.015351496,1.646069583,-0.145092927,0.242822134,0.829162733,-0.614872851
0.972015434,3.026029955,2.128599177,1.81260496,3.393208972,1.351097771,1.990233429,3.197993585,-0.37750969
0.84182408,1.398840644,0.480761522,1.950524438,3.751407994,2.333189565,-0.29293794,0.273487609,0.084341344
0.121972609,0.369128452,-0.110559383,0.041578027,1.299447657,0.3719595,-0.719215209,-0.498701771,0.693108003
0.799104857,0.796562177,-0.418443297,-0.375279899,-0.120684055,0.130965913,0.577742294,0.754632364,0.410806097
1.141330986,3.421885564,2.460267023,2.255774571,2.983095578,1.726386573,1.503271546,1.548082228,0.281289169
-0.613788728,-0.155149046,0.327643104,1.22082473,1.25788508,0.767593611,0.593778799,1.529659069,2.483727676
1.99396134,1.82984383,2.330735901,0.358515574,1.490810301,1.810961394,0.211034841,1.251673109,0.706495959
4.067804156,6.650776848,4.703182105,4.606701743,6.687154694,4.934992513,2.790615623,2.660261886,1.931189223
-0.00454696,0.791479208,1.534689091,0.097128886,1.654670981,0.465405602,-0.455959593,-0.201898775,-0.055908084
1.268931609,1.86128095,0.197281933,-0.131486036,1.340155572,1.77260549,-0.687604423,1.339013194,0.962805461
0.794927009,1.580735855,1.977639917,1.568885755,3.660125527,0.20007522,-0.204493067,0.321262473,-0.371001826
0.180990818,-0.542347581,-0.606687164,0.196416352,0.859875154,0.558992184,-0.261615018,0.381497991,0.211132293
1.105057131,0.544113813,-0.376536147,2.882171937,2.909737629,2.050102968,0.478883527,0.377901396,0.211452682
1.052546909,1.831258866,0.318622827,2.490444315,1.19831211,0.38785224,2.716393771,1.137732324,0.146343058
2.008846699,0.454929164,1.073506163,1.623119132,1.929791175,0.666210018,0.092316095,0.561527046,0.22549267
-0.111548103,0.702436417,-0.523086111,-0.056546162,1.454421342,-0.136245679,-0.416327037,0.142621294,1.076398438
2.91088685,2.969330733,-0.341200451,-0.007870898,2.44769079,3.048282921,0.582041622,0.989916722,1.492282411
-0.826858149,0.956945273,1.124239679,-0.433292381,3.101501451,2.129721744,0.029057088,0.567306868,0.496438845
-0.535730734,0.612505249,0.639318325,1.049563327,2.019880315,-0.254296395,0.884572417,0.220336405,-0.461861778
-0.679484194,-0.026966032,-0.054272253,-0.296311655,0.171593494,-0.243754452,-0.493744937,-0.290860071,-0.787193671
0.416094383,-0.364357898,-0.759735463,0.091669997,1.313256601,-0.055039128,-0.289579527,0.596528959,0.33537201
0.00990604,-0.09943805,-0.2852776,0.080497554,0.561838277,0.222328533,-0.015489792,-0.1189757,-0.244049216
0.894942904,-0.224672984,0.100877463,3.731709976,2.297747267,1.376899878,-0.109014047,1.897725009,1.966287728
0.763289986,1.323178463,1.057510469,1.098255074,0.870748108,1.051592022,-0.143851757,-0.608023436,-0.182586729
0.238781993,0.022710698,-0.42972232,-0.664523687,-0.055484974,0.529195504,-0.277787714,0.050887782,0.50387904
0.273704924,1.320777594,0.305777715,1.510719085,1.860546374,-0.165101162,-0.115045268,0.670264684,0.966957215
-0.755287918,-0.140833324,0.661588009,0.146371708,1.405430649,0.514182293,-0.595400234,-0.527799274,0.180991516
-0.24602363,0.657427771,-0.214020309,0.121616205,0.420422157,-0.199448737,0.423129733,-0.239790195,-0.599043352
0.409351496,0.562020079,-0.246604208,0.960972996,1.586291394,0.539916644,-0.245261252,-0.212762016,0.478418281
0.257605799,0.073311191,-0.459560936,0.308518136,2.726285607,1.205351489,0.083839813,0.158938803,-0.20805263
-0.43832501,-0.187211492,-0.757865427,0.150927277,0.218847835,-0.362860784,-0.527852652,-0.199991839,0.037985449
-0.494805787,0.273535233,-0.097808702,-0.412199648,0.151437347,-0.072464879,-0.475799063,-0.395818859,-0.316481787
0.470791053,0.32089546,-0.217740984,0.385506589,1.161428032,0.28562614,-0.277627647,-0.091776504,1.608014285
-0.664555981,-0.306926751,0.630903269,-0.392648724,1.109229942,0.482533716,-0.063941357,0.748982795,-0.373074989
-0.221956174,0.78361993,0.373029478,1.029111093,1.926558416,0.156724083,1.129425883,1.116938997,-0.452402261
-0.617956749,-0.234922295,-0.341231042,-0.311414123,0.972550446,0.075742901,-0.467672795,-0.388979112,-0.355538883
-0.358943936,0.671144472,-0.80663316,0.0894255,1.57747995,-0.583021131,0.090271602,0.841769835,0.882123692
0.044739585,0.51185396,0.557513746,1.922107176,2.49259407,0.664221917,-0.351810716,-0.300509833,-0.128544502
0.998186527,1.177658343,1.100014323,1.467588867,0.386085412,0.307348506,1.5746102,1.724639293,1.213860904
-0.734327761,0.109665725,0.62579852,-0.024498735,1.837315287,-0.031621749,0.664717385,0.405882825,-0.54209613
1.008189172,2.055051464,1.181468589,2.469696186,3.314140845,2.841948722,1.402350967,1.107605061,2.502586914
1.848929289,0.814787687,1.196149962,1.966163299,7.142142015,6.674372365,0.188511128,2.945594522,4.669452006
0.772526614,0.534241248,-0.632900091,0.169693199,0.586297169,0.3139824,-0.38237148,-0.000671124,0.675426542
0.578132313,1.145662538,1.231949198,0.425705075,0.781244362,0.604582943,0.286549826,0.564109427,-0.265286645
-0.71538623,-0.255462646,-0.020520015,-0.634702981,1.062904847,-0.48005008,-0.271575211,0.231158056,-0.648140275
-0.006215991,-0.261441175,-0.64580829,0.103818949,0.906829285,-0.057009536,-0.457130233,-0.28121015,-0.452396535
0.307029774,-0.185843588,-0.066152744,0.200222525,0.66829215,0.320906593,-0.188374208,0.251643881,0.271901586
-0.183005467,0.725020089,-0.725836855,-0.215632096,1.51586002,-0.477909081,-0.216362594,0.346231743,-0.39743988
0.082391704,0.446302342,-0.30625015,-0.430063769,1.470477921,0.338079638,-0.820458395,-0.073006542,-0.565373131
-0.527651735,0.45670752,0.418152331,-0.185432477,1.467649259,0.164850135,0.69847402,0.3507226,-0.668009097
-0.062616857,1.115657506,-0.325776523,1.733039473,4.002394016,1.185398637,0.621404984,0.395842636,0.246469651
0.240475891,3.629883236,2.100553486,-0.407642151,2.406175549,1.626829695,-0.20360687,1.458292019,1.450084882
0.81709774,0.606385247,-0.113025758,1.023072971,0.854151183,0.749416582,0.050692072,0.660710388,0.459100258
0.512509976,0.464999098,0.59123979,0.373457998,0.919881756,1.069850235,-0.362692895,-0.306486681,0.166329497
-0.307683779,-0.281045945,0.409146823,-0.433853444,0.841687872,0.441682494,-0.650658794,-0.068215148,-0.648276239
0.393758379,4.584994892,2.383365805,0.810972555,4.000680252,1.670123265,1.61934349,1.017028524,1.574920015
0.192807045,-0.332866506,0.167252967,-0.010468168,0.873819634,1.808219037,-0.216369195,0.076480801,-0.122570603
-0.45203173,0.479749006,1.084696997,-0.286480855,1.306768966,1.595025484,-0.386772893,-0.707399151,-0.665692738
0.133622029,-0.071506229,0.8304234,0.418008831,0.766832099,1.0477106,-0.031878571,0.229289423,-0.547393689
0.187076566,0.640579781,-0.693458499,0.480138348,1.863550738,-0.007748725,0.117193136,-0.219003422,0.292736023
1.664085976,1.731379166,-0.315060376,1.261723821,3.93169814,1.950973946,-0.351689436,1.326335792,1.342354976
-0.143596147,0.215434568,0.696075654,0.857113917,2.870451244,1.795217528,-0.559020067,-0.160906966,-0.007459464
1.322347965,4.712214196,0.657752657,4.327464887,5.07279384,-0.238381172,1.015241869,0.731693022,-0.524623618
-0.648714338,-0.120694543,0.244443727,0.171167445,0.04333167,-0.438277239,-0.368123029,-0.110174911,-0.51426756
2.290592531,3.111526144,-0.367351065,2.640878213,2.124729636,1.620680158,0.882992085,1.723032721,3.252369121
-0.39144843,0.514348509,0.0789197,0.042696621,1.132467215,0.235111445,0.28318863,0.681047822,-0.325745453
1.080124441,1.803392258,-0.356968993,0.616091273,2.803364289,-0.057331658,-0.581842274,0.531386156,1.824144642
-0.140718352,-0.392514188,0.164920063,1.369059931,1.509600068,0.402742695,-0.294885996,0.801471981,0.373652936
0.09746161,0.597394022,-0.453465966,-0.025915839,1.605237765,-0.127454362,0.542783339,1.082387393,0.077928426
0.761144306,1.140615328,0.926165416,1.679248725,0.765059058,-0.199543617,0.008711985,1.050587255,-0.264982056
-0.357504217,0.668654718,0.96965501,1.320097185,2.248886321,-0.096336078,-0.013148672,0.006072141,-0.175749529
-0.586254753,0.977678407,-0.589080608,-0.429837852,1.200984542,-0.249790443,-0.642411287,0.374584552,-0.238402615
0.001695274,0.579457247,0.2339851,0.849046954,1.782734827,0.069177467,0.343556473,0.126030916,-0.403476375
-0.07183106,1.226183415,0.582580372,2.255707831,2.308716811,1.580034759,-0.138825424,0.588352172,2.237607959
-0.230131194,0.575496767,-0.10379666,0.012799366,0.871870677,0.524654496,0.164920063,0.054080942,-0.310765678
0.822427384,0.502441247,-0.376660952,0.435080786,1.305510179,0.848856339,-0.390642772,-0.300693391,-0.013843708
-0.004760652,1.799704673,-0.017778406,-0.65830264,1.381239917,0.430620897,-0.706726454,0.883179515,0.228036584
-0.242487253,-0.109693884,0.68130878,1.920800239,1.683768115,1.310942854,-0.073955666,0.89708653,-0.053858676
-0.118698045,0.462494697,-0.571428192,1.100891223,1.580317831,-0.110294485,-0.627257363,-0.202056245,-0.286405441
0.003497756,-0.126777912,-0.402355926,0.913834547,2.327415457,1.884025749,-0.301340593,1.353202438,1.841387905
-0.107565926,0.359184736,-0.785457351,0.93576491,1.639049595,0.483826007,-0.342643047,0.18304463,0.205326426
0.70704148,3.529692587,1.136719585,0.176827189,4.724371038,4.206425786,-0.044220145,3.677316248,2.767849142
0.06834635,1.336530047,0.677507718,-0.524687919,1.389202181,0.386498028,0.489932141,2.11943233,0.531545225
2.405094539,1.478225525,-0.065634803,1.496599842,2.492504813,1.461493695,0.455467468,1.281669363,0.762251395
-0.769649154,-0.769302827,-0.485238103,0.114056586,0.58425355,-0.115097297,-0.299054009,0.815673526,0.205321486
-0.549190573,0.2685977,0.149487682,0.250562587,0.888785067,-0.128129127,-0.169926526,-0.515885938,-0.690185529
1.271025796,1.617699434,-0.126297968,-0.230433286,1.42078036,0.691087444,-0.049826218,0.663738187,0.022862582
-0.590039116,-0.145506451,-0.237603336,-0.381028415,1.305310621,-0.376346505,-0.308554398,-0.148057999,-0.091624527
0.020843284,0.083006819,0.221777335,-0.10040518,0.648467776,-0.13001267,-0.325200664,-0.017308992,-0.647144751
0.167744296,0.825631439,0.338953967,0.116965515,1.810042803,0.779130535,-0.429953529,-0.372765159,-0.213084412
0.506357228,1.474787858,-0.491112187,0.361079428,3.06600823,-0.353713875,-0.234035834,0.668312694,0.39568517
0.640174286,0.423186267,1.211327604,1.209933239,2.949248387,0.75177051,0.044420726,0.342798646,-0.070756197
-0.408083867,-0.721980648,-0.488007628,-0.242888096,0.958241432,0.406155097,-0.226126706,0.55267247,-0.389510543
2.521002496,4.877627469,2.322591416,4.850020344,0.659515274,-0.246243906,1.553446542,1.485734937,-0.476052552
1.101222906,1.674971754,-0.604585994,0.588961078,1.63304356,0.780613471,0.503650595,0.575417405,0.338679748
1.944277204,1.645679896,-0.69620148,3.008794971,4.266786308,-0.05343421,-0.562436372,1.237707992,0.228614148
-0.301637336,-0.305117826,0.228987179,0.255005284,0.469338351,0.071048977,0.363361395,0.176579203,-0.304544541
0.861522624,-0.061225231,-0.71220387,1.789195167,3.736607613,2.35286511,1.415165041,1.62661168,1.108480423
0.298971583,0.193126482,-0.631784012,0.171749173,0.646578736,0.44980201,0.102901373,-0.024624275,-0.402393544
-0.168890544,1.138076967,-0.417727371,-0.157973358,0.658664794,-0.355438018,-0.221598921,0.172334377,-0.357987441
-0.784389571,-0.417711565,-0.370040947,0.277888135,1.341177635,0.235482558,0.194583461,0.673992376,1.339964491
-0.04361464,1.103771964,1.303043562,0.123315719,2.389405351,0.072346694,1.522591464,0.820029851,-0.262271214
-0.544718333,0.243804714,0.771187454,1.277254598,3.364562644,0.514943811,0.504495553,2.156878731,1.213607119
0.528488697,2.130921397,3.321231218,0.490961328,2.844976998,1.197670104,1.83809452,1.257154012,0.081869722
-0.318964521,3.468601175,2.438382504,1.411313723,7.300765371,2.94118109,1.409043387,2.521544378,0.934551966
-0.193998056,0.086597256,-0.328307747,0.512970578,1.456017598,-0.043813721,-0.205321312,-0.401276545,-0.464715002
0.39623738,1.186655054,-0.042661911,0.327284727,1.515403581,-0.326868026,-0.184643665,-0.480833042,-0.581159054
0.023123799,0.079294896,1.016292879,1.687790564,4.281381304,5.67073554,2.241263201,2.16371316,2.505048029
0.071105048,1.249795956,-0.200345704,0.712119819,2.059076878,1.004947018,-0.410416867,-0.306485199,0.587117434
0.613558202,0.376772559,-0.153480646,0.977715344,0.835200909,0.50088498,-0.34870319,0.06738724,0.620310915
0.356039754,2.010216446,-0.21045502,0.289652208,2.430505825,-0.063077109,-0.537038158,0.187772218,0.12600015
0.159863184,0.358268554,-0.481141574,3.349205767,3.050934447,-0.154958465,1.771619456,2.1312655,0.665158502
-0.317629068,1.079221181,-0.262552286,1.04430022,3.546664788,-0.430721235,0.068455549,0.468993677,-0.016714191
0.938753855,1.074710089,0.23805976,0.293695701,0.771623269,0.992718837,0.19243121,-0.014276388,-0.36339684
-0.257151284,1.063663816,0.440816651,-0.202617131,1.448008536,-0.078882581,1.379656373,0.424287234,-0.676247787
0.368377261,0.628526672,0.808542354,0.338868378,1.435062836,0.025901941,0.036689072,1.113084633,0.155899761
0.372287969,0.146655986,0.084981359,2.45454424,1.772719546,0.490139378,-0.125775839,0.573143334,1.345279896
-0.115912961,1.383493373,-0.060176073,-0.044389316,1.502251313,1.022479731,0.034999476,0.459137688,0.697189172
0.461546821,0.166802564,1.469323219,0.920761814,2.174468379,0.369267942,-0.226916922,1.864434876,-0.221339844
0.419222171,2.653043208,-0.087755494,1.673968704,4.902698309,3.046516418,2.931152479,2.271361921,0.895929839
-0.028570126,0.711246408,0.509905187,3.645579729,4.423250644,2.618027512,0.383699607,-0.021444486,0.614469054
0.265895647,1.943988278,-0.110684571,0.279345588,1.962825298,-0.033848682,0.194623235,-0.311035014,-0.460225542
-0.022919831,2.304716373,1.299331372,2.066945506,3.483504173,0.534457729,-0.479197446,0.426905559,-0.007283599
-0.656807759,-0.399694175,-0.437457572,0.564548663,0.89861838,-0.321748123,0.30522008,0.33804119,-0.396594333
-0.574580601,-0.352625501,-0.138579597,1.037603539,0.743703326,-0.280627098,0.058734906,1.263293187,-0.149324491
-0.209864394,1.788760404,0.025365312,0.478016581,1.834217789,0.669957826,-0.369925655,-0.048695877,0.20010102
-0.226019281,0.040828359,0.002411076,0.112906885,1.205291178,1.350223222,-0.048579944,-0.382178765,-0.397669352
-0.367956069,-0.45079769,0.669709846,1.639138396,1.926314067,0.914859903,0.897874344,1.317494948,0.120395476
-0.006973654,-0.088957911,0.770924091,0.991575032,1.071999374,1.13416271,0.333596575,0.599577898,-0.169778552
-0.129188703,-0.044899585,0.034685609,1.783260069,1.810838446,0.568557875,0.378814611,0.282392181,-0.586153684
-0.161421466,-0.574031675,-0.057189258,-0.019983951,1.204923356,-0.093056072,-0.348462244,0.629624955,-0.318079749
-0.454312633,-0.327866771,0.145261906,0.97931053,1.411705098,1.412717912,0.287769835,0.008833794,-0.226019281
0.894803684,3.506520623,0.792018373,2.924206017,5.093554834,0.161883451,-0.22501033,2.019993356,0.323113845
3.680231323,1.920218133,0.285934735,2.033216028,3.150754869,0.624998604,3.901702924,3.70133556,0.506107844
-0.156679236,-0.164396939,-0.219681471,-0.517499958,0.44801807,-0.058218787,-0.422237756,-0.221081867,0.07026218
0.08938296,0.060029969,0.581958324,0.743592557,0.72290763,1.151263618,0.025121221,1.114964972,-0.237941565
-0.658701957,2.487665461,-0.001666852,2.424721635,2.737077857,-0.665516152,1.15240212,0.390415877,-0.622287337
-0.183419471,1.870637535,1.089404011,2.721512405,3.951882451,1.090309793,1.329795055,0.251314286,0.138202264
-0.337035006,-0.071551492,-0.458726965,0.427065131,0.894542855,1.156043586,0.670727973,-0.456746729,-0.528042654
-0.52441769,2.019492991,0.834401064,-0.38475316,2.192681893,3.138383091,0.015237284,1.905164281,0.958107036
-0.081115326,0.18088931,-0.72760053,0.05325643,0.430251897,0.349277182,-0.307648248,-0.397971728,-0.561019463
0.623146741,-0.581843113,-0.52800989,1.383153693,1.246369094,0.343133611,-0.048634258,0.697370936,0.573583234
0.737840221,0.327265166,-0.784966416,-0.078486361,0.619649132,-0.602253241,0.411099567,0.822672599,-0.261952044
-0.541871083,-0.260567008,-0.591876494,-0.533170321,-0.149543718,-0.459179889,0.190282954,0.27997289,-0.536589347
-0.728707616,-0.411561912,-0.60668761,-0.066915184,-0.498664415,-0.764640651,0.572784315,0.252637268,-0.478187389
-0.61186674,-0.827251584,-0.877805002,-0.819977252,-0.952421546,-0.914165697,-0.735872715,-0.866923563,-0.705243314
-0.762608103,-0.787704161,-0.401687287,-0.55834891,-0.505055653,-0.506481285,-0.430639046,-0.352295166,-0.352095207
0.186110732,-0.273773677,-0.46657132,-0.6078867,-0.759562047,-0.590275244,-0.669927893,-0.535003944,-0.281551155
0.115104587,0.268084472,2.114094074,-0.497581305,-0.256579876,0.04686965,-0.578401151,-0.571608005,-0.831154449
-0.813870218,1.903354521,1.899122051,-0.504838892,0.169948667,1.272383021,0.822397741,0.996346104,0.832524665
-0.04670017,0.787815764,0.441514084,0.730073393,0.49319478,0.444300781,0.647674257,0.781234567,0.60153414
-0.655632692,-0.453196176,-0.543475974,-0.489373556,0.799974773,0.228957529,-0.000522616,0.957671965,0.636202448
0.898874723,-0.360955288,-0.314838365,1.154516893,0.798600543,0.233657698,2.92907388,0.28351002,-0.229345369
0.019548967,-0.521628105,-0.633123252,-0.592559378,-0.616519673,-0.49099706,-0.656792529,0.066989843,0.462598338
-0.675498824,-0.697379106,0.101937935,-0.835747212,-0.725589102,0.407621307,-0.903697219,-0.674978786,0.211836211
-0.288659786,-0.047945112,0.490258142,-0.191544371,0.288651814,1.174834743,-0.463671666,-0.095383594,1.484961423
-0.515893534,-0.476273268,-0.606887482,0.265914076,-0.583522712,-0.803888959,2.73209374,-0.690241315,-0.884434052
0.648861231,0.627612328,0.284896021,0.505505358,-0.117665702,0.246872153,-0.058082002,-0.052953887,0.269472105
0.187473619,0.351844029,0.358130421,-0.184514533,0.198732442,0.4415565,-0.64768293,0.302494549,0.325269364
-0.663394041,-0.675654566,0.066558906,-0.65771905,-0.655686785,-0.282126222,-0.140116257,-0.070645789,-0.233062508
-0.491041126,-0.186058169,-0.79106873,-0.515627277,-0.58225999,-0.800855293,-0.217757376,-0.400987972,-0.744240053
-0.422447789,-0.650581929,-0.450471955,0.178770187,-0.540260584,-0.526298764,1.868077322,-0.246265101,-0.368323729
0.699399647,0.382334265,0.040512451,-0.120990975,1.021645844,0.600629133,-0.322577741,-0.30055136,0.626416881
-0.533006606,-0.876481448,-0.551223799,-0.471320129,-0.836151328,-0.852207832,-0.355071854,-0.801170383,-0.9271105
-0.692308784,-0.650152816,-0.519175165,-0.302782584,-0.671940764,-0.68717405,-0.298953069,-0.420419934,-0.520510783
-0.110339509,-0.127540135,-0.34148314,-0.528516634,-0.340291828,-0.529676917,-0.721574499,0.053529841,0.136306911
0.344304854,-0.391694256,-0.410650465,0.034218816,-0.643614409,-0.495559241,-0.364263491,0.173513174,0.084886501
-0.448818986,-0.41490893,-0.41215338,-0.357971521,-0.433915863,0.357283201,0.909607685,0.33153136,1.083846484
-0.2410017,-0.138520691,-0.100334188,-0.20988572,-0.328386269,-0.189751297,0.39607793,-0.059123782,0.347420375
-0.890713191,-0.906478541,-0.157952339,-0.819444367,-0.811744394,-0.365561508,-0.754958437,-0.718023003,-0.786659286
2.400670328,1.512165572,1.915048823,0.484947104,1.40980179,0.839647195,-0.127445938,0.225402489,-0.567725896
-0.048957487,-0.347258386,-0.080456649,-0.419818275,-0.382984628,0.112054354,-0.218998925,0.342752414,0.052518649
0.249266345,0.897342622,0.96925361,-0.481912296,-0.643290873,-0.300360938,-0.676032853,-0.74843138,-0.420138355
-0.237833491,-0.647361458,-0.694675139,-0.358654745,-0.52626949,-0.767715901,-0.264471721,0.192762771,-0.238050341
0.348381775,0.139210748,-0.785018519,0.645965757,0.055097113,-0.772026891,2.677479229,0.28775892,-0.337079121
0.914337419,0.098416144,-0.353959434,-0.431351789,-0.48819534,0.452714941,-0.897736197,-0.86333501,-0.195804828
-0.546837744,-0.400478845,0.088166845,-0.362362798,-0.2807151,0.459815839,-0.577862926,-0.756586957,-0.299311284
-0.167009799,-0.492527058,-0.400247662,1.375852357,-0.413119357,-0.687522797,-0.268359228,-0.663303036,-0.541617509
-0.299489723,-0.112614242,-0.52677962,-0.479374431,-0.799768141,-0.643691897,0.211407289,-0.773941469,-0.722396736
-0.6788226,-0.123996383,0.51725522,-0.108701812,0.062827795,-0.220261645,-0.666291954,-0.332505537,-0.157439883
0.423017132,-0.345129638,-0.64368146,0.901328177,-0.224282076,-0.672623702,0.393015282,0.105176565,-0.529516518
-0.053849387,-0.557717727,-0.107840906,-0.541133778,-0.675246477,0.048357012,-0.632196992,-0.418708182,0.188437616
1.235397364,-0.179303753,1.267553505,0.389491414,0.489542605,1.320222129,0.722022937,4.244577849,2.719377619
-0.605556056,-0.498560771,-0.850458072,-0.455219222,-0.325719183,-0.85428665,0.231491964,0.411006655,-0.022574552
0.295665517,-0.694429048,-0.835112053,0.833567705,-0.310876691,-0.77910656,1.654782683,-0.48563187,-0.491782656
-0.068990382,-0.696470955,-0.431500793,0.397158785,-0.227039151,-0.394049481,-0.516362275,-0.302105818,0.079676065
-0.668459708,0.125425766,0.511825088,-0.644915388,-0.033555452,0.703884816,-0.364585947,-0.107840537,-0.06141041
-0.456595625,-0.635522057,0.142672955,-0.01891256,0.240337941,0.624173792,0.438244137,1.550424286,0.679724832
-0.498641332,-0.759703238,-0.549965239,-0.796455789,-0.862295863,-0.426447245,-0.619874585,-0.79318523,-0.670640012
-0.63324355,-0.486759016,-0.707098117,-0.796912459,-0.383698208,0.017182035,-0.33632054,0.141647726,2.116973495
-0.866483445,-0.749310651,-0.583368241,-0.714365685,-0.759775121,-0.446584761,-0.592428992,-0.612217469,-0.275491964
-0.326899713,0.654960236,-0.369078173,-0.459823151,-0.302874443,-0.221373136,-0.812082879,-0.675413858,0.793892716
0.10389498,-0.430769157,-0.617351582,3.799436685,0.965967998,0.286466449,0.786260678,1.619363671,0.998985188
-0.117116656,-0.617584061,-0.540500843,-0.544341047,-0.751957216,-0.346976355,-0.572187953,-0.708422216,-0.253328174
-0.443700904,-0.021257926,-0.337983602,-0.476985284,-0.583606885,-0.656075484,-0.27609921,-0.314813649,-0.509398115
-0.685034105,-0.274757048,0.999237388,-0.709888416,-0.66118154,0.202176281,-0.682685401,-0.37370403,-0.164501282
-0.625551464,-0.218659135,0.491370118,-0.771330069,-0.392549257,1.077731059,-0.613380311,0.684909649,2.779739809
-0.371181305,-0.490666787,-0.23953161,-0.422675578,-0.591892846,-0.63225045,-0.521236606,-0.577249462,-0.508813009
0.044385009,-0.164719664,-0.211489567,-0.452806094,-0.608496968,-0.633037332,-0.255459198,-0.522777066,-0.203102575
-0.734723738,-0.733310668,-0.694246545,-0.901079487,-0.869171593,-0.883333951,-0.794899269,-0.86503924,-0.902072414
-0.226234359,0.06861481,-0.16677249,-0.50988102,-0.513965321,-0.595852112,-0.866903608,-0.87871585,-0.787433131
-0.737661425,-0.546918807,-0.072490801,-0.558297359,-0.587917393,0.284561718,0.4095874,-0.225363752,0.253683583
-0.265090553,-0.587761985,-0.711205189,-0.409890614,-0.540825348,-0.50416178,-0.18809785,-0.381286334,-0.239460429
-0.308413476,0.139929529,1.128427481,-0.274468246,-0.382017878,0.073559959,-0.083519762,-0.111366596,0.387686186
-0.274322747,-0.426959323,-0.46550846,-0.76344343,-0.818335696,-0.563348436,-0.710156728,-0.861437241,-0.753946461
-0.721617598,-0.523605525,-0.677188134,-0.762568619,-0.563037069,-0.546400772,-0.400591532,-0.259990291,0.00745973
-0.622646145,0.087901369,-0.186210431,-0.620491919,-0.361417393,-0.553489793,-0.642015232,-0.646794433,-0.587325686
-0.6821123,-0.432656541,-0.059454065,-0.70472085,-0.764173281,-0.439571002,-0.547933347,-0.671924637,-0.501021178
-0.604291265,-0.707087447,-0.420241713,-0.442194322,-0.648798247,-0.023039847,0.494742457,0.792072607,0.156968992
-0.639310852,0.041649455,3.018841298,-0.137193309,0.32495856,1.273406637,0.797597308,0.281434869,-0.220525867
0.104312378,0.418637015,-0.676253104,-0.566642207,-0.236096926,-0.648443877,-0.653194874,-0.597070387,-0.384370446
0.638666826,1.419429531,0.010918595,0.040470101,-0.166860325,0.16081256,-0.245341506,-0.412767223,0.071758576
-0.569676139,-0.083719612,-0.129792265,-0.48599046,-0.295938958,-0.270977487,-0.250518742,-0.198937018,-0.483835852
-0.333981777,-0.023286296,-0.268403386,-0.455757878,-0.239654801,-0.408882991,-0.049735433,0.448269147,-0.188820382
-0.432640879,-0.389068297,-0.494032367,-0.118257827,-0.289987627,-0.620911006,2.320281844,0.338476018,-0.635312036
-0.047867388,0.293749008,-0.546637208,-0.820244366,-0.177918139,-0.451637251,-0.278296638,0.081536646,-0.709169662
0.307596082,0.287637384,-0.005834119,0.042447112,0.416897019,0.107018989,2.113735816,1.820781074,0.382474715
-0.105404535,-0.540015912,-0.521331193,-0.086306073,-0.043905691,-0.403446929,1.324062421,0.577398384,-0.283262249
-0.567548028,-0.802539657,-0.223154927,-0.506741206,-0.761840147,-0.500206379,-0.238155827,-0.706663211,-0.206100524
-0.605077147,0.030677236,-0.606297161,-0.700347224,-0.255376999,-0.517494718,-0.219727171,0.018180643,-0.540617117
-0.176398822,-0.275594842,0.166156055,-0.089079799,0.165385755,-0.122187003,0.009878215,-0.50564543,-0.530832848
0.649218129,-0.539910439,-0.360912458,0.243064741,-0.65045366,-0.632125577,0.441344776,-0.448639765,0.042740407
-0.051099473,0.038201369,0.402802737,0.066692842,0.090413327,1.524337278,0.439917543,-0.586893371,0.026880912
0.235490104,0.203119215,-0.05764203,-0.215796153,-0.317529603,0.229528025,-0.419002505,-0.485827724,-0.050444348
-0.734412032,0.291257312,0.488672559,-0.652925314,-0.226329881,1.277326914,-0.717243333,-0.782599961,0.539519011
-0.746367646,-0.401835209,-0.407398955,-0.279858211,-0.30726941,-0.194509394,0.126331727,-0.103377995,0.506138342
-0.364882725,-0.20965258,-0.734313618,-0.450284966,-0.412212469,-0.634439546,0.403436013,-0.582252201,-0.700570765
-0.506997339,-0.26225502,0.570703775,-0.598245766,-0.455996519,1.029993757,-0.284453633,0.999422094,0.75697155
-0.642323591,-0.307337958,-0.792968861,-0.157683868,-0.533129063,-0.803939099,0.073481408,-0.513731955,-0.794366077
-0.726536248,-0.724191498,-0.62172711,-0.562757895,-0.590844426,-0.290688666,-0.33814905,-0.494956041,-0.401008128
-0.223452215,-0.811231531,-0.630129423,-0.556252395,-0.749258143,-0.638319305,-0.383359982,-0.543894187,-0.489338327
0.115078691,-0.61877192,-0.296990246,-0.254901318,-0.352676842,-0.267598817,-0.575395832,-0.257795431,-0.069180099
0.514571203,-0.257493907,-0.538316626,-0.202960415,-0.254924114,0.054890698,-0.314577782,-0.532303089,-0.499099411
-0.331960143,-0.471214065,-0.738458088,0.024748369,-0.556497414,-0.488707087,-0.180145847,-0.563347781,-0.513306016
-0.81419289,-0.181231249,-0.098874038,-0.860562792,-0.683194113,-0.38843099,-0.814984122,-0.755699875,-0.598950464
2.0419596,0.023807341,-0.56093491,1.623325415,-0.421530132,-0.660778599,0.42016482,-0.716365788,-0.618789124
-0.186334397,1.084936812,-0.233446805,0.458789281,1.218948545,-0.294679515,1.564035471,1.659649393,-0.067603267
-0.245679394,-0.480980239,-0.612401727,-0.406208041,-0.374731676,-0.293641068,-0.407398955,-0.099063917,-0.507077452
-0.037076149,-0.341883601,0.001659828,-0.420947707,-0.501117204,-0.385914869,-0.004457395,0.520914123,-0.060689995
-0.576116552,-0.53061531,-0.088701744,-0.543092043,-0.639821867,-0.139517854,-0.74198995,-0.699401419,-0.168842704
-0.059713632,-0.328308721,-0.408403124,-0.264380753,-0.269430634,0.025229542,0.222182084,-0.204668953,0.274626104
0.218117403,0.290684973,-0.42694007,-0.4697599,-0.236382148,-0.259277486,-0.598053787,-0.753340303,-0.716811597
-0.36615364,-0.404602684,0.70139866,-0.1000102,0.171141294,1.351731627,0.350362537,1.570971529,3.118754705
-0.475730808,-0.634515109,-0.722495516,0.559168973,-0.070019033,-0.524006853,-0.635506463,-0.435164487,-0.425604478
0.048950668,-0.447500229,-0.305594507,-0.58860321,-0.182124693,-0.55521384,-0.710689556,-0.366804909,-0.495372876
0.721814446,-0.12813076,-0.726068045,-0.397774482,-0.447326076,-0.756029784,0.692828804,0.412526791,-0.655222246
-0.441478312,-0.164074074,-0.41212061,0.22564282,-0.230803661,-0.27355734,0.461841215,0.262251314,0.558529823
-0.35315081,-0.354794978,-0.144556195,-0.612080456,-0.802678973,-0.695537731,-0.165413425,-0.74461958,-0.812905823
0.878705241,0.304821216,-0.378272364,-0.162238066,-0.199968001,-0.355568092,0.131949522,1.370893484,0.217954325
-0.708470918,-0.314600892,0.284983457,-0.772938869,-0.200646276,-0.047660851,-0.757781735,-0.350560042,-0.696698889
0.215832181,-0.068318018,-0.180049651,-0.363347107,-0.283580076,-0.66873529,-0.160526483,0.238361347,-0.002527432
-0.75001023,-0.725033527,-0.143903301,-0.739955411,-0.88045422,-0.079104215,-0.754078645,-0.874504819,-0.226997092
-0.223273889,-0.036798792,-0.489493078,1.362828279,1.41327038,1.499007931,-0.37195739,0.07596614,0.409758382
-0.501753184,-0.623951391,-0.36641941,-0.11505892,-0.317222208,-0.384533475,-0.549866664,-0.471303667,-0.451316904
-0.572257619,-0.605162837,-0.368035362,-0.738508981,-0.561651468,-0.298358093,-0.75636527,-0.87335448,-0.791436166
0.134496036,-0.138921876,-0.588659465,-0.173227534,0.08652052,-0.316592206,-0.835297511,-0.10767525,0.636362013
-0.637803799,-0.072963844,0.167892482,-0.716058963,-0.263694275,-0.090268366,-0.041096118,-0.086383178,0.236646992
-0.666672721,-0.340468326,-0.484436059,-0.5336517,-0.582055443,-0.537191408,-0.415677396,-0.722829056,-0.775084782
-0.715564335,-0.299585004,0.345707906,-0.649238762,-0.677716751,0.642558072,-0.69857703,-0.739103453,-0.06805738
-0.851921882,-0.436573023,-0.252735493,-0.831649587,-0.589669141,-0.452212249,-0.759238576,-0.731775874,-0.600559665
-0.324013041,-0.555578538,-0.21076989,-0.539155742,-0.708386322,-0.297746962,-0.731590856,-0.738667724,-0.627497639
1.409921719,0.056011701,-0.379686691,0.72252144,-0.311366373,-0.588694129,-0.45045478,-0.721982065,-0.871184324
0.008024416,0.330510325,0.112830815,0.61484895,-0.016925779,0.152466566,-0.407111159,-0.163157228,0.08838143
-0.853813859,-0.732327782,-0.08005667,-0.879109935,-0.843550507,-0.545194781,-0.895804811,-0.875881716,-0.666672721
2.062975385,1.081312066,-0.322133715,0.656393308,0.014990849,-0.597581671,-0.208029884,-0.001688454,0.46426598
-0.051411256,-0.274695828,-0.638340371,1.500708649,0.169091543,-0.542304562,1.803902069,-0.011872343,-0.25497056
0.144794318,0.68475872,1.451740335,0.123178709,0.299473171,-0.060205603,0.326758521,0.489873681,0.087921865
0.353088129,0.41676261,-0.213738688,-0.689501509,-0.461597026,-0.232982443,-0.798527584,-0.798923159,-0.370191914
-0.776649934,0.173628726,-0.286522114,-0.81715738,-0.183674318,-0.346573863,-0.767715343,-0.56514892,-0.456945315
-0.615504879,-0.698394238,-0.270279166,-0.455748125,-0.267303154,0.38950151,-0.117386095,0.317393206,2.77870579
-0.325219258,-0.544388959,-0.673856595,-0.603751193,-0.629148709,-0.630479803,-0.448974017,-0.613267696,-0.628295368
-0.452252617,-0.476232071,-0.207411191,0.544552641,-0.494805605,-0.137844396,0.485166436,0.134933694,-0.085990223
1.316184848,0.470940569,-0.551792007,0.14450821,-0.264652333,-0.471530035,0.34764292,-0.052084667,0.471031451
-0.481534631,-0.549609352,-0.154523206,-0.527136982,-0.647242457,-0.664578842,-0.496345337,-0.875362061,-0.87809154
-0.313089973,0.248192956,0.353498148,-0.805822828,0.617848163,1.566943232,-0.346667319,0.683702671,0.837201261
-0.02988895,-0.481476152,-0.214712695,-0.679119873,-0.77438607,-0.739407454,0.204134084,-0.198632542,-0.700280329
-0.62673927,-0.678578551,-0.142931016,-0.381103319,-0.700847164,-0.090697872,-0.285792111,-0.735342194,-0.665074458
-0.686103132,-0.777669025,-0.830226163,-0.719286757,-0.723777733,-0.851467887,-0.408235357,-0.431190729,-0.716426626
-0.707489522,-0.838481659,-0.747249631,-0.938082682,-0.922854122,-0.815156568,-0.854891589,-0.817503557,-0.588903616
1.233327457,-0.076050375,-0.38200189,1.488242703,-0.298819753,-0.082743715,1.182086102,2.000866627,1.896316762
-0.092106292,0.179802657,-0.519787917,0.153499308,0.476093381,0.536333207,0.734189445,0.182153624,-0.416666359
1.063376109,0.278514459,-0.696238676,-0.085300069,-0.603783273,-0.773088964,-0.474055586,-0.791233447,-0.759047776
-0.127970693,-0.080852047,-0.233873615,-0.661860048,-0.878873742,-0.849399757,-0.474812555,-0.641734343,-0.838537702
-0.718505123,-0.330110249,0.38204123,-0.708925354,-0.63386854,0.327394671,-0.590785506,-0.713337924,-0.296165423
1.133875816,-0.112027546,-0.093867461,-0.145805376,0.09992861,0.017073776,-0.229321397,0.14027527,0.15445829
-0.776192835,-0.324085798,0.53314024,-0.833451825,-0.315546691,0.124447205,-0.188574866,0.752666811,-0.105977774
-0.298994665,-0.348477969,-0.860383488,-0.684568741,-0.335492094,0.030972516,-0.703823557,0.047308068,1.127705885
0.934112673,0.962853485,0.274969813,0.303131158,0.254180186,0.16782355,-0.361655505,-0.249366056,-0.109020561
-0.575101759,-0.585752404,-0.579372338,-0.690971752,-0.518676117,-0.568585183,-0.031652948,0.156025589,-0.68106289
-0.337366547,-0.111331692,-0.575101759,-0.36849938,-0.359986877,-0.690971752,-0.549621314,-0.458893726,-0.031652948
-0.189399119,-0.301112384,0.26725489,-0.038846,-0.622711676,-0.331914415,0.408309578,-0.360342221,-0.416865942
-0.18294897,-0.455248407,-0.408325536,-0.501302183,-0.789155322,-0.777446318,-0.431090077,-0.881218206,-0.846385768
-0.292009767,0.627872186,-0.745261232,-0.028155379,0.792958879,-0.528178809,0.592444287,-0.128748407,-0.738529926
-0.762072266,0.21232913,0.223151798,-0.583694952,-0.472800599,-0.614846364,-0.667464034,-0.821420797,-0.571269268
0.557005689,-0.460977936,-0.363736666,0.538762296,-0.325048999,-0.319364837,-0.291608204,-0.25363351,0.503993128
-0.622055747,-0.796879978,-0.579776521,-0.748084382,-0.829089299,-0.637871583,-0.712875304,-0.810820131,-0.623965159
-0.545015935,-0.532641025,-0.567524531,-0.644978665,-0.58820187,-0.416763164,-0.759120902,-0.536128007,-0.354125092
-0.661051475,0.408274255,-0.483125193,-0.514720118,0.16817224,-0.687914507,0.115928613,0.638947507,-0.399634227
-0.814889906,-0.128679955,0.004389233,-0.658635906,-0.116533848,-0.195045135,-0.7704796,-0.582915295,-0.346625435
0.103485177,0.324146286,-0.419441465,-0.300878569,0.0951583,-0.157379272,-0.084078881,0.048629943,-0.476224158
0.967530376,-0.289257434,-0.065257371,-0.425767075,-0.436404312,-0.084608257,-0.516062338,-0.553801269,-0.353505711
-0.833477617,-0.726432444,-0.58727717,-0.512306789,-0.288006149,-0.549146418,0.133808729,-0.290412834,-0.646002432
-0.680294623,-0.139002923,-0.357944831,-0.588324243,-0.43520432,-0.348103597,-0.423370006,-0.76250427,-0.728609119
-0.588828082,-0.308990491,-0.48547659,-0.496355622,-0.295688045,-0.253014784,0.042876825,-0.328524309,-0.447789384
0.060812732,-0.299595532,-0.14736585,0.923244619,-0.778562833,-0.379430141,0.265402364,-0.680558332,-0.594019338
-0.511967581,-0.559404033,-0.626141637,-0.809290032,-0.750665948,-0.660307635,-0.66674871,-0.677516202,-0.639520478
1.172286815,-0.080592252,-0.345654218,0.466528516,0.082921522,-0.489827827,0.088407667,-0.248726881,-0.679340404
-0.53442915,-0.549222588,-0.163967075,-0.623357795,-0.774111213,-0.820975533,-0.510768468,-0.711953992,-0.752081264
0.731270159,1.408020714,-0.626605029,1.598861877,-0.154760468,-0.584899534,0.576452724,-0.641374131,-0.028351079
0.038423164,-0.487001993,0.731866575,-0.727910265,-0.798136662,0.483097041,-0.665587391,-0.23259363,0.603097328
-0.498567945,-0.626026847,-0.654388067,-0.463993436,-0.688907376,-0.52911044,-0.185467055,-0.556058867,0.616273886
-0.491926185,-0.12909532,2.948524574,-0.253670153,-0.046403874,0.242704225,-0.598431414,-0.346876545,-0.495718693
-0.503421199,0.481299657,-0.143383631,-0.568516086,-0.619605081,-0.837560293,-0.144086349,-0.561778967,-0.77323658
0.468098693,-0.237923029,-0.766572567,-0.355861974,-0.099999377,-0.535284912,-0.797370486,-0.646411979,-0.250530391
0.005070505,-0.273282546,-0.796653392,-0.336095454,-0.532376485,-0.769757493,0.257693772,-0.738505134,-0.547610957
-0.397894804,-0.363430808,-0.120991314,-0.140339394,-0.308567941,0.346964937,-0.050400609,0.937384362,2.297041113
-0.440186911,-0.074647474,-0.47037382,-0.280264221,0.305997333,-0.522548369,-0.495101001,0.129571965,-0.41498372
2.206484448,0.372179735,-0.119759938,0.12831498,-0.419037441,1.013586761,-0.710315536,-0.485118223,1.571359926
0.936016018,0.764680645,0.015034418,0.158720073,2.758359796,1.962557756,-0.432257524,0.328324725,0.796136192
-0.29945292,-0.333509648,-0.392380556,-0.535973266,-0.482685797,-0.75126915,-0.641955222,-0.675249803,-0.839497247
-0.559668544,0.001785757,-0.669806188,-0.642517606,-0.403877488,-0.772042405,-0.475370357,-0.191838039,-0.392154142
1.373044915,0.064702543,-0.388639346,-0.261275759,-0.758286837,-0.65942654,-0.733376481,-0.800845331,-0.795831611
0.321898479,2.655297545,1.305633274,-0.576144593,1.936500845,0.740658151,-0.865832632,-0.124737926,0.69579104
-0.510389677,-0.571207587,-0.673493597,-0.6726066,-0.523699154,-0.647826293,0.10758861,0.857346116,0.107678082
0.441330522,-0.066399815,0.007045412,0.315260371,-0.185385155,0.544236668,-0.099069686,0.089937802,1.156797492
-0.165729804,0.151640087,-0.587678415,-0.505694799,-0.23430568,-0.061246659,-0.379798628,-0.636340549,-0.678629973
2.147734979,3.93812823,-0.14871626,0.020523483,0.312199437,0.319102019,0.390053365,0.301274344,0.043834959
-0.486853556,-0.536787426,-0.394749174,-0.46809608,-0.313459038,0.092103249,0.260126728,0.9331309,0.390949515
-0.461222929,-0.23707396,0.557460787,-0.518611306,-0.622230479,1.897235582,-0.787102553,-0.721834873,1.350623668
-0.02803976,-0.20777858,-0.548811186,-0.725913252,-0.316611144,-0.696029513,-0.346104209,0.663011431,0.240719353
-0.198159303,-0.458119889,-0.834981474,-0.386706006,-0.670398868,-0.889162321,-0.22697577,-0.632073358,-0.793677355
-0.49624163,-0.570448687,0.045403133,-0.702594684,-0.599211566,0.271639513,-0.671208563,-0.453537086,0.312053249
0.495020025,0.378370397,0.665350746,-0.578834092,-0.637756807,-0.044834852,-0.861128789,-0.858240825,-0.312677479
2.110822954,2.469424105,0.377103403,0.780090032,0.758546489,-0.375207174,1.333424359,0.097686505,-0.500991242
-0.650870386,-0.7584049,0.118258567,-0.642193546,-0.777120772,-0.423295678,-0.198868805,-0.409466547,-0.315607776
-0.702489157,2.014459353,0.339305217,-0.628726509,0.543786701,0.879136738,-0.263387499,0.090696067,0.663658174
-0.742877571,-0.526570861,-0.282851134,-0.75370751,-0.635849214,0.215942511,-0.757440922,-0.513834957,2.533369924
-0.281939967,-0.735853088,-0.725353961,0.796562177,-0.418443297,-0.850871493,-0.120684055,0.130965913,-0.378982124
-0.618440054,-0.594840229,-0.590227599,-0.421098263,-0.616209205,-0.682727451,-0.321206803,-0.745920734,-0.735254002
0.60728852,0.785457499,-0.130380827,0.898803223,0.420141332,-0.2975805,1.128369668,0.740819122,0.541368503
-0.148000537,-0.027423963,0.00017585,-0.406081495,-0.016622057,-0.076502276,-0.353414933,-0.340967929,0.135089833
-0.377051245,-0.570963544,0.679940355,-0.502918837,-0.51442141,-0.315131946,-0.593735376,-0.538749457,-0.438593767
1.415818652,1.996242926,1.036979393,-0.433476286,0.690170453,0.759608944,0.029268431,1.097515638,0.545679372
-0.817902442,-0.609533305,0.337158765,-0.783360203,-0.573640675,0.356277595,-0.092735384,-0.228857742,0.170806569
-0.246061069,-0.253328949,-0.210418987,-0.411546344,0.108728388,0.072354811,-0.219818405,-0.059095016,-0.198104758
-0.870887586,-0.603882219,-0.658165699,-0.925349905,-0.790516274,-0.260631155,-0.819066625,-0.671987081,0.034713916
-0.465076381,-0.571033676,-0.223471795,-0.45349327,-0.50084166,-0.393314321,-0.305118184,0.038891086,0.611679231
0.107090332,-0.328642816,-0.565964848,-0.418754498,-0.655868196,-0.768317925,-0.651040273,-0.798101805,-0.573203118
-0.428265921,0.034412669,2.150573798,-0.418728431,-0.002711742,0.123647807,0.197281933,0.133785869,-0.021422847
-0.647401782,-0.517753522,-0.153506066,-0.787032824,-0.762618452,0.482134917,-0.785298983,-0.790703489,-0.505775456
-0.55203218,-0.000578191,-0.305289403,-0.606687164,-0.570926627,-0.753637503,0.558992184,0.040549283,-0.457371884
-0.138774523,-0.683762463,-0.420013367,-0.319978082,-0.751054457,-0.54773285,-0.748494003,-0.799008037,-0.530135355
-0.92672627,-0.842157485,-0.484400931,-0.837899606,-0.778345686,-0.635610988,-0.755522454,-0.852615788,-0.622244756
-0.148536216,-0.397319539,-0.864776627,-0.705257408,-0.856600423,-0.895074232,-0.444420515,-0.827787112,-0.7393675
-0.157305468,-0.008829873,-0.467958164,0.939511423,1.244120111,0.148777246,0.501607709,0.855117712,0.596179681
-0.309753139,-0.704115232,-0.533531836,-0.504503746,-0.657455585,-0.576852799,-0.876530591,-0.798774813,-0.465914635
-0.39480541,-0.478778563,-0.661166409,-0.20041402,-0.393961601,-0.258926235,-0.617978669,-0.756452232,-0.786239033
-0.511466633,-0.562508437,-0.582937035,-0.774521487,-0.631032101,-0.369760296,-0.453818045,-0.496927341,-0.405110293
-0.530979474,-0.329733975,-0.021097852,-0.447078159,-0.174116112,-0.45009113,-0.018509624,-0.102895682,-0.491865416
-0.734604631,-0.02095668,-0.655585909,-0.719525598,-0.032036822,-0.671485712,-0.430353775,-0.374484658,-0.67384257
0.388287985,0.204405681,-0.68923394,0.145207061,0.171637694,-0.6344531,0.144265424,0.52453659,-0.562941989
-0.635510835,-0.749278845,-0.24602363,-0.626544693,-0.609448159,0.121616205,-0.462843632,-0.323821921,0.423129733
-0.387559645,-0.238017672,-0.089541534,-0.672730775,-0.464100474,-0.404539492,-0.679484194,-0.026966032,-0.054272253
-0.75150897,-0.798869616,-0.63881637,-0.650718072,-0.825951768,-0.70671505,-0.09943805,-0.2852776,-0.64546629
0.373375395,2.123411093,1.447445069,-0.422716036,0.21914101,-0.414632653,-0.316828788,-0.281426974,-0.520977229
-0.114177747,-0.592754129,-0.807048085,-0.623728185,-0.679012383,-0.712369996,-0.843694659,-0.580820134,-0.122081745
0.104512821,0.218027083,1.110259085,-0.025044707,1.360433872,0.385707461,-0.369002851,0.288757287,-0.055842682
-0.346022613,-0.564331318,1.672098481,-0.449671449,-0.610743941,0.397292929,-0.086045501,-0.509574504,-0.159169781
-0.612756307,-0.414390266,0.20472566,-0.755287918,-0.140833324,0.661588009,0.146371708,1.405430649,0.514182293
-0.236542357,0.341035722,-0.138895053,-0.437489906,0.000317087,-0.138941423,-0.246604208,-0.221559994,-0.675890562
-0.457400181,-0.428411279,-0.838972571,-0.62625876,-0.550667983,-0.901791749,-0.61570559,-0.449207914,-0.795927664
-0.357878926,-0.561544783,-0.596452957,-0.003987343,-0.356971618,-0.019756358,0.391450388,0.114765514,0.015079037
0.023894952,-0.318436487,-0.310083085,-0.180419072,-0.466538749,-0.212183399,0.034265407,-0.180694423,0.551612474
-0.614670601,-0.603058177,-0.753192537,-0.688906165,-0.801870088,-0.799146876,-0.459560936,-0.829132581,-0.799903242
-0.798036134,-0.527370357,-0.55066879,-0.79767311,-0.494805787,0.273535233,-0.774863992,-0.412199648,0.151437347
-0.353247786,-0.79525372,-0.868886802,-0.742472367,-0.924193579,-0.907830947,-0.757865427,-0.851772334,-0.885254178
-0.650891927,-0.735185691,-0.42544799,-0.62872157,-0.586821179,-0.403499616,0.470791053,0.32089546,-0.217740984
1.707164869,2.666936952,0.173510685,1.177658343,1.100014323,-0.491921224,0.386085412,0.307348506,-0.590669412
0.357111806,0.209067503,-0.568726056,-0.184133043,-0.313954907,-0.435590988,-0.741763453,-0.863986974,-0.689694721
-0.63672872,-0.546389978,-0.050303365,-0.7534851,-0.319031522,0.772526614,-0.583356689,-0.429655847,0.169693199
-0.314932458,-0.447494747,-0.781409097,-0.03319136,-0.621974657,-0.667443259,-0.813436306,-0.617956749,-0.234922295
1.820691231,0.8289684,1.780071698,-0.262022667,0.837821943,1.67220886,-0.756374124,0.009519948,1.094636018
-0.73671957,-0.807061703,-0.253987511,-0.546863671,-0.730335451,0.009456079,0.044739585,0.51185396,0.557513746
-0.735043006,-0.923050647,-0.915255358,-0.83937695,-0.923887298,-0.862146471,-0.752840179,-0.798250802,-0.66153477
-0.183005467,0.725020089,-0.725836855,-0.215632096,1.51586002,-0.477909081,-0.216362594,0.346231743,-0.39743988
0.779610224,-0.231133451,-0.412278872,-0.020520015,-0.388211763,-0.517504693,-0.48005008,-0.788562731,-0.843900599
-0.390993071,-0.225634761,0.240475891,-0.082843705,-0.371557952,-0.407642151,-0.35339554,-0.468905608,-0.20360687
-0.837871802,-0.131107891,0.173925752,-0.595910281,0.312020915,0.040120945,0.855255468,1.286039301,-0.016484396
-0.500792751,0.088488001,-0.034923505,-0.504661442,-0.062616857,1.115657506,0.318083174,1.733039473,4.002394016
-0.518968609,-0.58775237,-0.430688676,-0.618643101,-0.625032276,-0.636128813,-0.414497624,-0.310080617,-0.428398252
0.001099525,1.748477094,1.545761087,-0.257163568,0.89859376,0.715671735,-0.45215482,-0.094582131,-0.363120543
-0.048862314,0.011653943,-0.376474409,-0.479018145,-0.703818357,-0.756643501,-0.191301126,-0.745468596,-0.849979772
-0.658442324,-0.425626804,0.04659484,-0.50127816,-0.562906413,-0.782286606,-0.843144033,-0.725612088,-0.863212099
-0.657903666,-0.244834636,-0.322300429,-0.580203287,-0.37083419,0.087089569,0.542203163,0.14544786,-0.020337042
0.261982954,-0.304206486,-0.135467592,-0.11711399,-0.16913592,-0.450127623,0.324564132,0.782502963,0.328500733
-0.474105084,0.798209501,-0.123712701,-0.124738479,0.182807575,-0.330962265,-0.65089813,-0.689760374,-0.597690231
-0.532455412,-0.444686008,0.421905926,-0.238629324,-0.755411062,-0.565332313,0.640579781,-0.693458499,-0.764830965
-0.76539922,-0.44950146,-0.054936666,-0.753200192,-0.507574325,0.73334974,-0.492272883,0.492602886,0.833650899
-0.368511945,-0.620488525,-0.319918062,-0.604536279,-0.189296031,0.413273154,0.723434528,0.172243722,-0.001307935
-0.078811234,0.696403998,-0.235068517,0.231474229,1.764249996,-0.340501277,0.721883031,0.863674768,-0.385448855
0.402742695,-0.386430952,-0.380672879,0.373652936,-0.465718957,-0.178051212,-0.322300429,-0.77263507,-0.734481449
0.597394022,-0.453465966,-0.327519999,1.605237765,-0.127454362,-0.590786664,1.082387393,0.077928426,-0.470440146
-0.231658609,0.507934861,-0.408591228,-0.135481218,0.001212573,-0.408513453,-0.534850157,0.124610326,0.640834684
-0.500993109,-0.401193439,-0.775775695,-0.596189803,-0.361353137,-0.714921516,-0.016688099,0.58238353,-0.238376665
-0.773021199,-0.041295024,0.194828264,-0.623949648,-0.273319199,-0.428781946,-0.270366672,-0.517275464,-0.549210859
-0.794749623,0.173014943,-0.362334715,-0.513675194,-0.073567641,-0.754847206,-0.510916233,-0.445930718,-0.357504217
-0.813371513,-0.110194606,0.313107198,-0.423389089,-0.000557499,-0.132940821,0.977678407,-0.589080608,-0.830200503
1.517462503,1.675991642,1.068255781,2.214076637,1.544739665,1.109111806,4.142326019,6.611221135,2.087887715
-0.260853954,-0.176988875,-0.317995115,-0.57578567,-0.227319142,-0.160891505,-0.630625765,-0.686501555,0.505511191
0.135960904,-0.038402011,0.552665445,-0.371503284,-0.815933059,0.297179761,-0.597478267,-0.910944644,-0.018914158
-0.770731308,-0.263579796,0.146713317,-0.426987446,0.158329459,0.16241811,-0.358623195,0.31884573,0.813177361
-0.599895484,-0.788053977,-0.744829585,-0.008564923,-0.627094907,-0.242514103,0.520280644,0.723871678,0.12272358
0.243964473,0.253631545,-0.204356449,-0.03030555,0.822427384,0.502441247,1.051018373,0.435080786,1.305510179
-0.285759963,-0.022871582,0.280960608,-0.004760652,1.799704673,-0.017778406,-0.65830264,1.381239917,0.430620897
-0.665228143,-0.303556984,-0.695752319,-0.577415346,-0.158050916,-0.463976515,0.312996605,-0.105499639,-0.511696692
-0.579428884,-0.813934333,-0.902496012,-0.735572073,-0.815388731,-0.913525621,-0.740429492,-0.665157182,-0.821398561
-0.092565763,-0.299993506,0.175332087,1.114442813,-0.217471383,0.941918212,0.090111096,-0.573107737,0.24027641
0.758440419,0.070890779,-0.107565926,0.185310311,0.81572771,0.93576491,-0.606811349,-0.20911604,-0.342643047
-0.492961714,-0.314128565,-0.50097735,-0.501169165,-0.530015931,-0.389426812,-0.242487253,-0.109693884,0.68130878
1.175538025,2.198800451,-0.124082591,0.312813404,-0.50967427,-0.629678001,0.125516302,-0.675354495,-0.890052747
-0.179609721,-0.059469455,-0.164052195,-0.589375865,-0.127058694,0.633694198,-0.510733749,0.083731777,0.580323231
-0.517813836,0.228992332,-0.26795703,0.333830488,0.724648635,0.084319572,0.677507718,0.581155673,0.007243282
-0.33239267,-0.322303203,-0.759741169,-0.429210117,-0.555838705,-0.743346252,-0.072694223,-0.537641389,-0.369933995
0.366646958,0.498490501,-0.565335735,0.423186267,1.211327604,-0.49268544,2.949248387,0.75177051,-0.145924674
-0.039991053,-0.323599933,-0.252635764,0.120085473,-0.305558388,-0.193398478,0.625282567,0.352269745,-0.095432323
-0.616636786,-0.06582449,-0.441952209,-0.664413731,-0.01760144,-0.387156569,-0.388565506,-0.618423368,-0.571830487
-0.737685865,-0.791581148,-0.356501671,-0.697692869,-0.837129051,-0.689135517,-0.651021853,-0.79621236,-0.782342945
1.199956623,0.409443164,-0.531490954,-0.024568924,0.0445726,-0.372956666,-0.242498524,-0.42448515,-0.400843101
0.83824921,-0.006384451,0.221128436,0.187200133,-0.655486758,-0.673703409,-0.320420273,-0.71475588,-0.825449124
0.005971831,0.105539937,-0.316700312,0.292045185,-0.389183196,-0.031076096,-0.302641562,-0.693018123,-0.525414283
-0.234240777,2.332808959,1.481424858,0.336132953,1.772665437,0.649808901,2.675700313,2.002996357,-0.032796309
-0.757358248,-0.67519788,-0.742966649,-0.712135089,-0.635640694,-0.62653425,-0.197003052,-0.378646902,-0.704870665
-0.349562989,-0.594166611,-0.676165586,-0.392363811,-0.099602285,-0.580185547,-0.270467096,1.182986516,-0.117204414
1.165890649,0.278118038,0.095703315,0.283527846,-0.114379878,-0.226343423,0.819752348,0.346588292,-0.42302247
-0.867125432,-0.675028766,-0.17113338,-0.391816448,-0.321811026,-0.217480468,1.062101953,0.907047894,0.630523017
-0.66205792,-0.657696407,-0.668540383,-0.622982636,-0.473299459,-0.426381991,-0.3951718,-0.389182728,-0.254053599
-0.451614445,-0.246999441,-0.261341299,-0.322258867,-0.572214816,-0.497002042,-0.061225231,-0.71220387,-0.469497979
-0.313994258,-0.604025572,-0.566556184,-0.022153884,-0.20356824,-0.645434706,-0.168890544,1.138076967,-0.417727371
-0.640175327,-0.648530333,-0.167691048,-0.660008436,-0.673050728,-0.15186357,-0.285630712,-0.380880532,-0.385393195
-0.379305677,-0.452501621,-0.806910477,-0.539671205,-0.504323372,-0.861229387,-0.666829061,-0.74866056,-0.852315386
1.03184103,-0.299888426,-0.798169343,-0.031302129,-0.190823745,-0.412035796,0.20773789,0.288852993,0.233458255
-0.165300838,0.5023602,0.789775727,0.372007938,-0.137194352,-0.591624094,-0.356715383,-0.175725578,-0.592846929
-0.698345997,-0.347475909,-0.421435599,-0.617416985,-0.504112169,-0.620338364,-0.49244903,-0.515186525,-0.337759453
-0.437528461,-0.433848742,-0.535899691,-0.720264348,-0.581448272,-0.547158706,-0.519536608,-0.235976294,-0.001191657
-0.138409716,0.238409854,-0.655249603,0.079294896,1.016292879,-0.188033614,4.281381304,5.67073554,0.178850673
1.858123457,-0.211544864,-0.198606132,1.682625206,-0.434134359,-0.710432323,0.933368339,-0.066563542,-0.393359975
-0.795808672,-0.601030509,-0.616685971,-0.722787885,-0.708225236,-0.646419701,-0.516281868,-0.456571057,-0.246876943
-0.21045502,-0.604265786,-0.625664644,-0.063077109,-0.566569635,-0.660294096,0.12600015,-0.353638639,-0.488629062
-0.317629068,1.079221181,-0.262552286,1.04430022,3.546664788,-0.430721235,0.068455549,0.468993677,-0.016714191
-0.724387713,-0.274641218,0.085017306,-0.642988759,-0.528898751,0.172357502,-0.310559343,-0.31836508,0.336285084
-0.712882049,0.124433544,-0.707369237,-0.717273032,-0.646040504,-0.694635685,-0.569932496,-0.620502492,-0.62854831
-0.341300831,-0.276294307,-0.379827854,-0.453807379,-0.385630987,-0.647926821,-0.640665085,-0.613299674,-0.77877359
-0.506450905,-0.486441218,-0.422304083,-0.259880172,-0.513589669,-0.783579399,-0.153480646,-0.441985942,-0.712209376
-0.108197093,-0.622676481,-0.425766375,-0.751208658,-0.431022816,-0.163170575,-0.58481523,0.356039754,2.010216446
-0.274810678,-0.528096623,-0.760340217,-0.133897249,-0.461801883,-0.771771404,-0.363880499,-0.244981195,-0.795623655
0.489348671,0.036933933,-0.669906576,0.4730097,0.40584654,-0.062056334,-0.541223224,-0.465962734,-0.452452335
-0.630598817,-0.657380625,-0.425622624,-0.670794588,-0.589625983,0.049368237,-0.787895475,-0.294331693,0.311746787
0.03778316,-0.433698379,0.112906885,-0.54939741,-0.157821332,-0.048579944,-0.287373125,-0.357925462,-0.506450905
0.005471227,0.489478143,-0.365621317,1.943988278,-0.110684571,-0.449640326,1.962825298,-0.033848682,-0.087371766
0.082040131,1.279989566,-0.212527298,-0.499937216,0.116415678,0.274473324,-0.493091917,-0.365653294,-0.027924675
-0.665881091,-0.864021686,-0.543341433,-0.642518609,-0.799736104,-0.808718477,-0.629265473,-0.657162958,-0.437052731
0.238193012,0.753854686,-0.682386519,0.198829709,-0.135327646,-0.762456083,-0.528006971,-0.439620946,-0.6716582
-0.177087562,-0.114331673,-0.383218606,-0.432287915,-0.202560992,-0.198346054,-0.362976861,0.041692327,0.047729187
1.236766445,1.110542431,0.006593633,-0.192858073,0.547146361,-0.166382521,-0.09007411,-0.694093166,-0.489886856
-0.198122925,-0.820190719,-0.711838373,-0.732309212,-0.926233477,-0.88061322,-0.713369963,-0.762116636,-0.645097619
-0.151389367,0.703200608,-0.172483671,-0.437320995,0.092144325,-0.346151737,-0.558442437,0.080755895,-0.022919831
-0.607796136,-0.667399366,-0.862091181,-0.761678879,-0.798090845,-0.860185365,-0.75571518,-0.845477249,-0.785687475
-0.804860493,-0.32806876,-0.443397133,-0.818867734,-0.754928479,-0.656476609,-0.399694175,-0.437457572,-0.428425025
-0.368311892,-0.364804389,0.06573229,-0.590852244,-0.702149045,-0.499032424,-0.610213522,-0.613933782,0.468965539
-0.081115326,0.18088931,-0.72760053,0.05325643,0.430251897,0.349277182,-0.307648248,-0.397971728,-0.561019463
0.23840679,0.833219217,-0.478791397,0.306240825,0.557718511,-0.433772088,0.746157508,-0.240275768,-0.725740323
0.694528478,0.563949612,0.146638915,-0.348604332,-0.167730772,-0.240365496,-0.853865668,-0.455804244,-0.454335011